id_match,home_team,away_team,home_score,away_score,date,round,city,edition
1,France,Mexico,4,1,1930-07-13,Group Stage,Montevideo,1930
2,USA,Belgium,3,0,1930-07-13,Group Stage,Montevideo,1930
3,Yugoslavia,Brazil,2,1,1930-07-14,Group Stage,Montevideo,1930
4,Romania,Peru,3,1,1930-07-14,Group Stage,Montevideo,1930
5,Argentina,France,1,0,1930-07-15,Group Stage,Montevideo,1930
6,Chile,Mexico,3,0,1930-07-16,Group Stage,Montevideo,1930
7,Yugoslavia,Bolivia,4,0,1930-07-17,Group Stage,Montevideo,1930
8,USA,Paraguay,3,0,1930-07-17,Group Stage,Montevideo,1930
9,Uruguay,Peru,1,0,1930-07-18,Group Stage,Montevideo,1930
10,Chile,France,1,0,1930-07-19,Group Stage,Montevideo,1930
11,Argentina,Mexico,6,3,1930-07-19,Group Stage,Montevideo,1930
12,Brazil,Bolivia,4,0,1930-07-20,Group Stage,Montevideo,1930
13,Paraguay,Belgium,1,0,1930-07-20,Group Stage,Montevideo,1930
14,Uruguay,Romania,4,0,1930-07-21,Group Stage,Montevideo,1930
15,Argentina,Chile,3,1,1930-07-22,Group Stage,Montevideo,1930
16,Argentina,USA,6,1,1930-07-26,Semi-finals,Montevideo,1930
17,Uruguay,Yugoslavia,6,1,1930-07-27,Semi-finals,Montevideo,1930
18,Uruguay,Argentina,4,2,1930-07-30,Final,Montevideo,1930
19,Italy,USA,7,1,1934-05-27,Round of 16,Rome,1934
20,Czechoslovakia,Romania,2,1,1934-05-27,Round of 16,Trieste,1934
21,Germany,Belgium,5,2,1934-05-27,Round of 16,Florence,1934
22,Austria,France,3,2,1934-05-27,Round of 16,Turin,1934
23,Spain,Brazil,3,1,1934-05-27,Round of 16,Genoa,1934
24,Switzerland,Netherlands,3,2,1934-05-27,Round of 16,Milan,1934
25,Sweden,Argentina,3,2,1934-05-27,Round of 16,Bologna,1934
26,Hungary,Egypt,4,2,1934-05-27,Round of 16,Naples,1934
27,Italy,Spain,1,1,1934-05-31,Quarter-finals,Florence,1934
28,Austria,Hungary,2,1,1934-05-31,Quarter-finals,Bologna,1934
29,Czechoslovakia,Switzerland,3,2,1934-05-31,Quarter-finals,Turin,1934
30,Germany,Sweden,2,1,1934-05-31,Quarter-finals,Milan,1934
31,Italy,Spain,1,0,1934-06-01,Quarter-finals,Florence,1934
32,Italy,Austria,1,0,1934-06-03,Semi-finals,Milan,1934
33,Czechoslovakia,Germany,3,1,1934-06-03,Semi-finals,Rome,1934
34,Germany,Austria,3,2,1934-06-07,Third Place,Naples,1934
35,Italy,Czechoslovakia,2,1,1934-06-10,Final,Rome,1934
36,Switzerland,Germany,1,1,1938-06-04,Round of 16,Paris,1938
37,Cuba,Romania,3,3,1938-06-05,Round of 16,Toulouse,1938
38,Hungary,Dutch East Indies,6,0,1938-06-05,Round of 16,Reims,1938
39,France,Belgium,3,1,1938-06-05,Round of 16,Paris,1938
40,Czechoslovakia,Netherlands,3,0,1938-06-05,Round of 16,Le Havre,1938
41,Brazil,Poland,6,5,1938-06-05,Round of 16,Strasbourg,1938
42,Italy,Norway,2,1,1938-06-05,Round of 16,Marseille,1938
43,Switzerland,Germany,4,2,1938-06-09,Round of 16,Paris,1938
44,Cuba,Romania,2,1,1938-06-09,Round of 16,Toulouse,1938
45,Sweden,Cuba,8,0,1938-06-12,Quarter-finals,Antibes,1938
46,Hungary,Switzerland,2,0,1938-06-12,Quarter-finals,Lille,1938
47,Italy,France,3,1,1938-06-12,Quarter-finals,Paris,1938
48,Brazil,Czechoslovakia,1,1,1938-06-12,Quarter-finals,Bordeaux,1938
49,Brazil,Czechoslovakia,2,1,1938-06-14,Quarter-finals,Bordeaux,1938
50,Italy,Brazil,2,1,1938-06-16,Semi-finals,Marseille,1938
51,Hungary,Sweden,5,1,1938-06-16,Semi-finals,Paris,1938
52,Brazil,Sweden,4,2,1938-06-19,Third Place,Bordeaux,1938
53,Italy,Hungary,4,2,1938-06-19,Final,Paris,1938
54,Brazil,Mexico,4,0,1950-06-24,Group Stage,Rio de Janeiro,1950
55,Yugoslavia,Switzerland,3,0,1950-06-25,Group Stage,Belo Horizonte,1950
56,England,Chile,2,0,1950-06-25,Group Stage,Rio de Janeiro,1950
57,Spain,USA,3,1,1950-06-25,Group Stage,Curitiba,1950
58,Sweden,Italy,3,2,1950-06-25,Group Stage,Sao Paulo,1950
59,Brazil,Switzerland,2,2,1950-06-28,Group Stage,Sao Paulo,1950
60,Yugoslavia,Mexico,4,1,1950-06-28,Group Stage,Porto Alegre,1950
61,Spain,Chile,2,0,1950-06-29,Group Stage,Rio de Janeiro,1950
62,USA,England,1,0,1950-06-29,Group Stage,Belo Horizonte,1950
63,Sweden,Paraguay,2,2,1950-06-29,Group Stage,Curitiba,1950
64,Brazil,Yugoslavia,2,0,1950-07-01,Group Stage,Rio de Janeiro,1950
65,Switzerland,Mexico,2,1,1950-07-02,Group Stage,Porto Alegre,1950
66,Spain,England,1,0,1950-07-02,Group Stage,Rio de Janeiro,1950
67,Chile,USA,5,2,1950-07-02,Group Stage,Recife,1950
68,Italy,Paraguay,2,0,1950-07-02,Group Stage,Sao Paulo,1950
69,Uruguay,Bolivia,8,0,1950-07-02,Group Stage,Belo Horizonte,1950
70,Sweden,Italy,3,2,1950-07-02,Group Stage,Sao Paulo,1950
71,Brazil,Sweden,7,1,1950-07-09,Group Stage,Rio de Janeiro,1950
72,Spain,Uruguay,2,2,1950-07-09,Group Stage,Sao Paulo,1950
73,Brazil,Spain,6,1,1950-07-13,Group Stage,Rio de Janeiro,1950
74,Uruguay,Sweden,3,2,1950-07-13,Group Stage,Sao Paulo,1950
75,Sweden,Spain,3,1,1950-07-16,Third Place,Sao Paulo,1950
76,Uruguay,Brazil,2,1,1950-07-16,Final,Rio de Janeiro,1950
77,Yugoslavia,France,1,0,1954-06-16,Group Stage,Lausanne,1954
78,Brazil,Mexico,5,0,1954-06-16,Group Stage,Geneva,1954
79,Hungary,Korea Republic,9,0,1954-06-17,Group Stage,Zurich,1954
80,West Germany,Turkey,4,1,1954-06-17,Group Stage,Bern,1954
81,Turkey,Korea Republic,7,0,1954-06-20,Group Stage,Geneva,1954
82,Uruguay,Czechoslovakia,2,0,1954-06-16,Group Stage,Bern,1954
83,Austria,Scotland,1,0,1954-06-16,Group Stage,Zurich,1954
84,England,Belgium,4,4,1954-06-17,Group Stage,Basel,1954
85,Italy,Switzerland,1,2,1954-06-17,Group Stage,Lausanne,1954
86,West Germany,Hungary,3,8,1954-06-20,Group Stage,Basel,1954
87,Uruguay,Scotland,7,0,1954-06-19,Group Stage,Basel,1954
88,Austria,Czechoslovakia,5,0,1954-06-19,Group Stage,Zurich,1954
89,England,Switzerland,2,0,1954-06-20,Group Stage,Bern,1954
90,Italy,Belgium,4,1,1954-06-20,Group Stage,Lugano,1954
91,Switzerland,Italy,4,1,1954-06-23,Group Stage,Basel,1954
92,Brazil,Yugoslavia,1,1,1954-06-19,Group Stage,Lausanne,1954
93,France,Mexico,3,2,1954-06-19,Group Stage,Geneva,1954
94,West Germany,Turkey,7,2,1954-06-23,Group Stage,Zurich,1954
95,Uruguay,Austria,3,1,1954-06-26,Quarter-finals,Lausanne,1954
96,Hungary,Brazil,4,2,1954-06-27,Quarter-finals,Bern,1954
97,West Germany,Yugoslavia,2,0,1954-06-27,Quarter-finals,Geneva,1954
98,England,Switzerland,2,4,1954-06-26,Quarter-finals,Basel,1954
99,Hungary,Uruguay,4,2,1954-06-30,Semi-finals,Lausanne,1954
100,West Germany,Austria,6,1,1954-06-30,Semi-finals,Basel,1954
101,Austria,Uruguay,3,1,1954-07-03,Third Place,Zurich,1954
102,West Germany,Hungary,3,2,1954-07-04,Final,Bern,1954
103,West Germany,Argentina,3,1,1958-06-08,Group Stage,Malmo,1958
104,Northern Ireland,Czechoslovakia,1,0,1958-06-08,Group Stage,Halmstad,1958
105,France,Paraguay,7,3,1958-06-08,Group Stage,Norrkoping,1958
106,Yugoslavia,Scotland,1,1,1958-06-08,Group Stage,Vasteras,1958
107,Sweden,Mexico,3,0,1958-06-08,Group Stage,Stockholm,1958
108,Hungary,Wales,1,1,1958-06-08,Group Stage,Sandviken,1958
109,England,Soviet Union,2,2,1958-06-08,Group Stage,Gothenburg,1958
110,Brazil,Austria,3,0,1958-06-08,Group Stage,Uddevalla,1958
111,France,Yugoslavia,2,3,1958-06-11,Group Stage,Vasteras,1958
112,West Germany,Czechoslovakia,2,2,1958-06-11,Group Stage,Helsingborg,1958
113,Paraguay,Scotland,3,2,1958-06-11,Group Stage,Norrkoping,1958
114,Argentina,Northern Ireland,3,1,1958-06-11,Group Stage,Halmstad,1958
115,Brazil,England,0,0,1958-06-11,Group Stage,Gothenburg,1958
116,Soviet Union,Austria,2,0,1958-06-11,Group Stage,Boras,1958
117,Sweden,Hungary,2,1,1958-06-12,Group Stage,Stockholm,1958
118,Wales,Mexico,1,1,1958-06-11,Group Stage,Stockholm,1958
119,West Germany,Northern Ireland,2,2,1958-06-15,Group Stage,Malmo,1958
120,Czechoslovakia,Argentina,6,1,1958-06-15,Group Stage,Helsingborg,1958
121,Yugoslavia,Paraguay,3,3,1958-06-15,Group Stage,Eskilstuna,1958
122,France,Scotland,2,1,1958-06-15,Group Stage,Orebro,1958
123,Sweden,Wales,0,0,1958-06-15,Group Stage,Stockholm,1958
124,Hungary,Mexico,4,0,1958-06-15,Group Stage,Sandviken,1958
125,Brazil,Soviet Union,2,0,1958-06-15,Group Stage,Gothenburg,1958
126,England,Austria,2,2,1958-06-15,Group Stage,Boras,1958
127,Northern Ireland,Czechoslovakia,2,1,1958-06-17,Group Stage,Malmo,1958
128,Wales,Hungary,2,1,1958-06-17,Group Stage,Stockholm,1958
129,Soviet Union,England,1,0,1958-06-17,Group Stage,Gothenburg,1958
130,Sweden,Soviet Union,2,0,1958-06-19,Quarter-finals,Stockholm,1958
131,West Germany,Yugoslavia,1,0,1958-06-19,Quarter-finals,Malmo,1958
132,France,Northern Ireland,4,0,1958-06-19,Quarter-finals,Norrkoping,1958
133,Brazil,Wales,1,0,1958-06-19,Quarter-finals,Gothenburg,1958
134,Sweden,West Germany,3,1,1958-06-24,Semi-finals,Gothenburg,1958
135,Brazil,France,5,2,1958-06-24,Semi-finals,Stockholm,1958
136,France,West Germany,6,3,1958-06-28,Third Place,Gothenburg,1958
137,Brazil,Sweden,5,2,1958-06-29,Final,Stockholm,1958
138,Uruguay,Colombia,2,1,1962-05-30,Group Stage,Arica,1962
139,Soviet Union,Yugoslavia,2,0,1962-05-31,Group Stage,Arica,1962
140,Argentina,Bulgaria,1,0,1962-05-30,Group Stage,Rancagua,1962
141,Hungary,England,2,1,1962-05-31,Group Stage,Rancagua,1962
142,Chile,Switzerland,3,1,1962-05-30,Group Stage,Santiago,1962
143,West Germany,Italy,0,0,1962-05-31,Group Stage,Santiago,1962
144,Brazil,Mexico,2,0,1962-05-30,Group Stage,Vina del Mar,1962
145,Czechoslovakia,Spain,1,0,1962-05-31,Group Stage,Vina del Mar,1962
146,Colombia,Soviet Union,4,4,1962-06-03,Group Stage,Arica,1962
147,Uruguay,Yugoslavia,3,1,1962-06-02,Group Stage,Arica,1962
148,Hungary,Bulgaria,6,1,1962-06-03,Group Stage,Rancagua,1962
149,England,Argentina,3,1,1962-06-02,Group Stage,Rancagua,1962
150,Chile,Italy,2,0,1962-06-02,Group Stage,Santiago,1962
151,West Germany,Switzerland,2,1,1962-06-03,Group Stage,Santiago,1962
152,Brazil,Czechoslovakia,0,0,1962-06-02,Group Stage,Vina del Mar,1962
153,Spain,Mexico,1,0,1962-06-03,Group Stage,Vina del Mar,1962
154,Soviet Union,Uruguay,2,1,1962-06-06,Group Stage,Arica,1962
155,Yugoslavia,Colombia,5,0,1962-06-07,Group Stage,Arica,1962
156,Argentina,Hungary,0,0,1962-06-06,Group Stage,Rancagua,1962
157,England,Bulgaria,0,0,1962-06-07,Group Stage,Rancagua,1962
158,West Germany,Chile,2,0,1962-06-06,Group Stage,Santiago,1962
159,Italy,Switzerland,3,0,1962-06-07,Group Stage,Santiago,1962
160,Brazil,Spain,2,1,1962-06-06,Group Stage,Vina del Mar,1962
161,Czechoslovakia,Mexico,1,3,1962-06-07,Group Stage,Vina del Mar,1962
162,Yugoslavia,West Germany,0,1,1962-06-10,Quarter-finals,Santiago,1962
163,Chile,Soviet Union,2,1,1962-06-10,Quarter-finals,Arica,1962
164,Brazil,England,3,1,1962-06-10,Quarter-finals,Vina del Mar,1962
165,Czechoslovakia,Hungary,1,0,1962-06-10,Quarter-finals,Rancagua,1962
166,Brazil,Chile,4,2,1962-06-13,Semi-finals,Santiago,1962
167,Czechoslovakia,Yugoslavia,3,1,1962-06-13,Semi-finals,Vina del Mar,1962
168,Chile,Yugoslavia,1,0,1962-06-16,Third Place,Santiago,1962
169,Brazil,Czechoslovakia,3,1,1962-06-17,Final,Santiago,1962
170,England,Uruguay,0,0,1966-07-11,Group Stage,London,1966
171,France,Mexico,1,1,1966-07-13,Group Stage,London,1966
172,Brazil,Bulgaria,2,0,1966-07-12,Group Stage,Liverpool,1966
173,Portugal,Hungary,3,1,1966-07-13,Group Stage,Manchester,1966
174,West Germany,Switzerland,5,0,1966-07-12,Group Stage,Sheffield,1966
175,Argentina,Spain,2,1,1966-07-13,Group Stage,Birmingham,1966
176,Italy,Chile,2,0,1966-07-13,Group Stage,Sunderland,1966
177,Soviet Union,Korea DPR,3,0,1966-07-12,Group Stage,Middlesbrough,1966
178,Uruguay,France,2,1,1966-07-15,Group Stage,London,1966
179,England,Mexico,2,0,1966-07-16,Group Stage,London,1966
180,Hungary,Brazil,3,1,1966-07-15,Group Stage,Liverpool,1966
181,Portugal,Bulgaria,3,0,1966-07-16,Group Stage,Manchester,1966
182,Argentina,Switzerland,2,0,1966-07-16,Group Stage,Sheffield,1966
183,West Germany,Spain,2,1,1966-07-15,Group Stage,Birmingham,1966
184,Chile,Korea DPR,1,1,1966-07-15,Group Stage,Middlesbrough,1966
185,Soviet Union,Italy,1,0,1966-07-16,Group Stage,Sunderland,1966
186,Mexico,Uruguay,0,0,1966-07-19,Group Stage,London,1966
187,England,France,2,0,1966-07-20,Group Stage,London,1966
188,Portugal,Brazil,3,1,1966-07-19,Group Stage,Liverpool,1966
189,Hungary,Bulgaria,3,1,1966-07-20,Group Stage,Manchester,1966
190,Argentina,West Germany,0,0,1966-07-16,Group Stage,Birmingham,1966
191,Spain,Switzerland,2,1,1966-07-20,Group Stage,Sheffield,1966
192,Korea DPR,Italy,1,0,1966-07-19,Group Stage,Middlesbrough,1966
193,Soviet Union,Chile,2,1,1966-07-20,Group Stage,Sunderland,1966
194,England,Argentina,1,0,1966-07-23,Quarter-finals,London,1966
195,West Germany,Uruguay,4,0,1966-07-23,Quarter-finals,Sheffield,1966
196,Portugal,Korea DPR,5,3,1966-07-23,Quarter-finals,Liverpool,1966
197,Soviet Union,Hungary,2,1,1966-07-23,Quarter-finals,Sunderland,1966
198,West Germany,Soviet Union,2,1,1966-07-25,Semi-finals,Liverpool,1966
199,England,Portugal,2,1,1966-07-26,Semi-finals,London,1966
200,Portugal,Soviet Union,2,1,1966-07-28,Third Place,London,1966
201,England,West Germany,4,2,1966-07-30,Final,London,1966
202,Mexico,Soviet Union,0,0,1970-05-31,Group Stage,Mexico City,1970
203,Belgium,El Salvador,3,0,1970-06-03,Group Stage,Mexico City,1970
204,Italy,Sweden,1,0,1970-06-03,Group Stage,Toluca,1970
205,Uruguay,Israel,2,0,1970-06-02,Group Stage,Puebla,1970
206,England,Romania,1,0,1970-06-02,Group Stage,Guadalajara,1970
207,Brazil,Czechoslovakia,4,1,1970-06-03,Group Stage,Guadalajara,1970
208,West Germany,Morocco,2,1,1970-06-03,Group Stage,Leon,1970
209,Peru,Bulgaria,3,2,1970-06-02,Group Stage,Leon,1970
210,Soviet Union,Belgium,4,1,1970-06-06,Group Stage,Mexico City,1970
211,Mexico,El Salvador,4,0,1970-06-07,Group Stage,Mexico City,1970
212,Uruguay,Italy,0,0,1970-06-06,Group Stage,Puebla,1970
213,Sweden,Israel,1,1,1970-06-07,Group Stage,Toluca,1970
214,Romania,Czechoslovakia,2,1,1970-06-06,Group Stage,Guadalajara,1970
215,Brazil,England,1,0,1970-06-07,Group Stage,Guadalajara,1970
216,Peru,Morocco,3,0,1970-06-06,Group Stage,Leon,1970
217,West Germany,Bulgaria,5,2,1970-06-07,Group Stage,Leon,1970
218,Soviet Union,El Salvador,2,0,1970-06-10,Group Stage,Mexico City,1970
219,Mexico,Belgium,1,0,1970-06-11,Group Stage,Mexico City,1970
220,Sweden,Uruguay,1,0,1970-06-10,Group Stage,Puebla,1970
221,Italy,Israel,0,0,1970-06-11,Group Stage,Toluca,1970
222,Brazil,Romania,3,2,1970-06-10,Group Stage,Guadalajara,1970
223,England,Czechoslovakia,1,0,1970-06-11,Group Stage,Guadalajara,1970
224,West Germany,Peru,3,1,1970-06-10,Group Stage,Leon,1970
225,Bulgaria,Morocco,1,1,1970-06-11,Group Stage,Leon,1970
226,Uruguay,Soviet Union,1,0,1970-06-14,Quarter-finals,Mexico City,1970
227,Italy,Mexico,4,1,1970-06-14,Quarter-finals,Toluca,1970
228,Brazil,Peru,4,2,1970-06-14,Quarter-finals,Guadalajara,1970
229,West Germany,England,3,2,1970-06-14,Quarter-finals,Leon,1970
230,Italy,West Germany,4,3,1970-06-17,Semi-finals,Mexico City,1970
231,Brazil,Uruguay,3,1,1970-06-17,Semi-finals,Guadalajara,1970
232,West Germany,Uruguay,1,0,1970-06-20,Third Place,Mexico City,1970
233,Brazil,Italy,4,1,1970-06-21,Final,Mexico City,1970
234,Brazil,Yugoslavia,0,0,1974-06-13,Group Stage,Frankfurt,1974
235,West Germany,Chile,1,0,1974-06-14,Group Stage,Berlin,1974
236,Scotland,Zaire,2,0,1974-06-14,Group Stage,Dortmund,1974
237,Australia,East Germany,0,2,1974-06-14,Group Stage,Hamburg,1974
238,Netherlands,Uruguay,2,0,1974-06-15,Group Stage,Hanover,1974
239,Sweden,Bulgaria,0,0,1974-06-15,Group Stage,Dusseldorf,1974
240,Italy,Haiti,3,1,1974-06-15,Group Stage,Munich,1974
241,Poland,Argentina,3,2,1974-06-15,Group Stage,Stuttgart,1974
242,Yugoslavia,Zaire,9,0,1974-06-18,Group Stage,Gelsenkirchen,1974
243,Brazil,Scotland,0,0,1974-06-18,Group Stage,Frankfurt,1974
244,West Germany,Australia,3,0,1974-06-18,Group Stage,Hamburg,1974
245,East Germany,Chile,1,1,1974-06-18,Group Stage,Berlin,1974
246,Netherlands,Sweden,0,0,1974-06-19,Group Stage,Dortmund,1974
247,Bulgaria,Uruguay,1,1,1974-06-19,Group Stage,Hanover,1974
248,Argentina,Italy,1,1,1974-06-19,Group Stage,Stuttgart,1974
249,Poland,Haiti,7,0,1974-06-19,Group Stage,Munich,1974
250,Scotland,Yugoslavia,1,1,1974-06-22,Group Stage,Frankfurt,1974
251,Brazil,Zaire,3,0,1974-06-22,Group Stage,Gelsenkirchen,1974
252,West Germany,East Germany,0,1,1974-06-22,Group Stage,Hamburg,1974
253,Chile,Australia,0,0,1974-06-22,Group Stage,Berlin,1974
254,Netherlands,Bulgaria,4,1,1974-06-23,Group Stage,Dortmund,1974
255,Sweden,Uruguay,3,0,1974-06-23,Group Stage,Dusseldorf,1974
256,Argentina,Haiti,4,1,1974-06-23,Group Stage,Munich,1974
257,Poland,Italy,2,1,1974-06-23,Group Stage,Stuttgart,1974
258,Netherlands,Argentina,4,0,1974-06-26,Group Stage,Gelsenkirchen,1974
259,Brazil,East Germany,1,0,1974-06-26,Group Stage,Hanover,1974
260,West Germany,Yugoslavia,2,0,1974-06-26,Group Stage,Dusseldorf,1974
261,Poland,Sweden,1,0,1974-06-26,Group Stage,Stuttgart,1974
262,Netherlands,East Germany,2,0,1974-06-30,Group Stage,Gelsenkirchen,1974
263,Brazil,Argentina,2,1,1974-06-30,Group Stage,Hanover,1974
264,West Germany,Poland,1,0,1974-06-30,Group Stage,Frankfurt,1974
265,Yugoslavia,Sweden,2,1,1974-06-30,Group Stage,Dusseldorf,1974
266,Netherlands,Brazil,2,0,1974-07-03,Group Stage,Dortmund,1974
267,Argentina,East Germany,1,1,1974-07-03,Group Stage,Gelsenkirchen,1974
268,West Germany,Sweden,4,2,1974-07-03,Group Stage,Dusseldorf,1974
269,Poland,Yugoslavia,2,1,1974-07-03,Group Stage,Frankfurt,1974
270,Brazil,Poland,0,1,1974-07-06,Third Place,Munich,1974
271,Netherlands,West Germany,1,2,1974-07-07,Final,Munich,1974
272,Argentina,Hungary,2,1,1978-06-02,Group Stage,Buenos Aires,1978
273,Italy,France,2,1,1978-06-02,Group Stage,Mar del Plata,1978
274,West Germany,Poland,0,0,1978-06-01,Group Stage,Buenos Aires,1978
275,Tunisia,Mexico,3,1,1978-06-02,Group Stage,Rosario,1978
276,Austria,Spain,2,1,1978-06-03,Group Stage,Buenos Aires,1978
277,Sweden,Brazil,1,1,1978-06-03,Group Stage,Mar del Plata,1978
278,Netherlands,Iran,3,0,1978-06-03,Group Stage,Mendoza,1978
279,Peru,Scotland,3,1,1978-06-03,Group Stage,Cordoba,1978
280,Argentina,France,2,1,1978-06-06,Group Stage,Buenos Aires,1978
281,Italy,Hungary,3,1,1978-06-06,Group Stage,Mar del Plata,1978
282,West Germany,Mexico,6,0,1978-06-06,Group Stage,Cordoba,1978
283,Poland,Tunisia,1,0,1978-06-06,Group Stage,Rosario,1978
284,Austria,Sweden,1,0,1978-06-07,Group Stage,Buenos Aires,1978
285,Spain,Brazil,0,0,1978-06-07,Group Stage,Mar del Plata,1978
286,Netherlands,Peru,0,0,1978-06-07,Group Stage,Mendoza,1978
287,Scotland,Iran,1,1,1978-06-07,Group Stage,Cordoba,1978
288,Italy,Argentina,1,0,1978-06-10,Group Stage,Buenos Aires,1978
289,France,Hungary,3,1,1978-06-10,Group Stage,Mar del Plata,1978
290,West Germany,Tunisia,0,0,1978-06-10,Group Stage,Cordoba,1978
291,Poland,Mexico,3,1,1978-06-10,Group Stage,Rosario,1978
292,Netherlands,Scotland,2,3,1978-06-11,Group Stage,Mendoza,1978
293,Peru,Iran,4,1,1978-06-11,Group Stage,Cordoba,1978
294,Brazil,Austria,1,0,1978-06-11,Group Stage,Mar del Plata,1978
295,Spain,Sweden,1,0,1978-06-11,Group Stage,Buenos Aires,1978
296,Netherlands,Austria,5,1,1978-06-14,Group Stage,Cordoba,1978
297,Italy,West Germany,0,0,1978-06-14,Group Stage,Buenos Aires,1978
298,Argentina,Poland,2,0,1978-06-14,Group Stage,Rosario,1978
299,Brazil,Peru,3,0,1978-06-14,Group Stage,Mendoza,1978
300,Netherlands,West Germany,2,2,1978-06-18,Group Stage,Cordoba,1978
301,Italy,Austria,1,0,1978-06-18,Group Stage,Buenos Aires,1978
302,Argentina,Brazil,0,0,1978-06-18,Group Stage,Rosario,1978
303,Poland,Peru,1,0,1978-06-18,Group Stage,Mendoza,1978
304,Netherlands,Italy,2,1,1978-06-21,Group Stage,Buenos Aires,1978
305,West Germany,Austria,2,3,1978-06-21,Group Stage,Cordoba,1978
306,Argentina,Peru,6,0,1978-06-21,Group Stage,Rosario,1978
307,Brazil,Poland,3,1,1978-06-21,Group Stage,Mendoza,1978
308,Brazil,Italy,2,1,1978-06-24,Third Place,Buenos Aires,1978
309,Argentina,Netherlands,3,1,1978-06-25,Final,Buenos Aires,1978
310,Italy,Poland,0,0,1982-06-14,Group Stage,Vigo,1982
311,Cameroon,Peru,0,0,1982-06-15,Group Stage,La Coruna,1982
312,Argentina,Belgium,0,1,1982-06-13,Group Stage,Barcelona,1982
313,Hungary,El Salvador,10,1,1982-06-15,Group Stage,Elche,1982
314,West Germany,Algeria,1,2,1982-06-16,Group Stage,Gijon,1982
315,Austria,Chile,1,0,1982-06-17,Group Stage,Oviedo,1982
316,Spain,Honduras,1,1,1982-06-16,Group Stage,Valencia,1982
317,Yugoslavia,Northern Ireland,0,0,1982-06-17,Group Stage,Zaragoza,1982
318,England,France,3,1,1982-06-16,Group Stage,Bilbao,1982
319,Czechoslovakia,Kuwait,1,1,1982-06-17,Group Stage,Valladolid,1982
320,Brazil,Soviet Union,2,1,1982-06-14,Group Stage,Seville,1982
321,Scotland,New Zealand,5,2,1982-06-15,Group Stage,Malaga,1982
322,Italy,Peru,1,1,1982-06-18,Group Stage,Vigo,1982
323,Cameroon,Poland,0,0,1982-06-19,Group Stage,La Coruna,1982
324,Argentina,Hungary,4,1,1982-06-18,Group Stage,Alicante,1982
325,Belgium,El Salvador,1,0,1982-06-19,Group Stage,Elche,1982
326,West Germany,Chile,4,1,1982-06-20,Group Stage,Gijon,1982
327,Austria,Algeria,2,0,1982-06-21,Group Stage,Oviedo,1982
328,Yugoslavia,Spain,2,1,1982-06-20,Group Stage,Valencia,1982
329,Honduras,Northern Ireland,1,1,1982-06-21,Group Stage,Zaragoza,1982
330,England,Czechoslovakia,2,0,1982-06-20,Group Stage,Bilbao,1982
331,France,Kuwait,4,1,1982-06-21,Group Stage,Valladolid,1982
332,Brazil,Scotland,4,1,1982-06-18,Group Stage,Seville,1982
333,Soviet Union,New Zealand,3,0,1982-06-19,Group Stage,Malaga,1982
334,Italy,Cameroon,1,1,1982-06-23,Group Stage,Vigo,1982
335,Poland,Peru,5,1,1982-06-22,Group Stage,La Coruna,1982
336,Argentina,El Salvador,2,0,1982-06-23,Group Stage,Alicante,1982
337,Belgium,Hungary,1,1,1982-06-22,Group Stage,Elche,1982
338,West Germany,Austria,1,0,1982-06-25,Group Stage,Gijon,1982
339,Chile,Algeria,3,2,1982-06-24,Group Stage,Oviedo,1982
340,Yugoslavia,Honduras,1,0,1982-06-24,Group Stage,Zaragoza,1982
341,Spain,Northern Ireland,0,1,1982-06-25,Group Stage,Valencia,1982
342,England,Kuwait,1,0,1982-06-25,Group Stage,Bilbao,1982
343,France,Czechoslovakia,1,1,1982-06-24,Group Stage,Valladolid,1982
344,Brazil,New Zealand,4,0,1982-06-23,Group Stage,Seville,1982
345,Soviet Union,Scotland,2,2,1982-06-22,Group Stage,Malaga,1982
346,Poland,Belgium,3,0,1982-06-28,Group Stage,Barcelona,1982
347,Soviet Union,Belgium,1,0,1982-07-01,Group Stage,Barcelona,1982
348,Poland,Soviet Union,0,0,1982-07-04,Group Stage,Barcelona,1982
349,West Germany,England,0,0,1982-06-29,Group Stage,Madrid,1982
350,West Germany,Spain,2,1,1982-07-02,Group Stage,Madrid,1982
351,England,Spain,0,0,1982-07-05,Group Stage,Madrid,1982
352,Italy,Argentina,2,1,1982-06-29,Group Stage,Barcelona,1982
353,Brazil,Argentina,3,1,1982-07-02,Group Stage,Barcelona,1982
354,Italy,Brazil,3,2,1982-07-05,Group Stage,Barcelona,1982
355,France,Austria,1,0,1982-06-28,Group Stage,Madrid,1982
356,Northern Ireland,Austria,2,2,1982-07-01,Group Stage,Madrid,1982
357,France,Northern Ireland,4,1,1982-07-04,Group Stage,Madrid,1982
358,Poland,France,3,2,1982-07-08,Semi-finals,Seville,1982
359,West Germany,France,3,3,1982-07-08,Semi-finals,Seville,1982
360,Italy,Poland,2,0,1982-07-08,Semi-finals,Barcelona,1982
361,Poland,France,3,2,1982-07-10,Third Place,Alicante,1982
362,Italy,West Germany,3,1,1982-07-11,Final,Madrid,1982
363,Bulgaria,Italy,1,1,1986-05-31,Group Stage,Mexico City,1986
364,Argentina,Korea Republic,3,1,1986-06-02,Group Stage,Mexico City,1986
365,Brazil,Spain,1,0,1986-06-01,Group Stage,Guadalajara,1986
366,Algeria,Northern Ireland,1,1,1986-06-03,Group Stage,Guadalajara,1986
367,Mexico,Belgium,2,1,1986-06-03,Group Stage,Mexico City,1986
368,Paraguay,Iraq,1,0,1986-06-04,Group Stage,Toluca,1986
369,France,Canada,1,0,1986-06-01,Group Stage,Leon,1986
370,Soviet Union,Hungary,6,0,1986-06-02,Group Stage,Irapuato,1986
371,Poland,Morocco,0,0,1986-06-02,Group Stage,Monterrey,1986
372,Portugal,England,0,1,1986-06-03,Group Stage,Monterrey,1986
373,Uruguay,West Germany,1,1,1986-06-04,Group Stage,Queretaro,1986
374,Denmark,Scotland,1,0,1986-06-04,Group Stage,Nezahualcoyotl,1986
375,Argentina,Italy,1,1,1986-06-05,Group Stage,Puebla,1986
376,Bulgaria,Korea Republic,1,1,1986-06-05,Group Stage,Mexico City,1986
377,Brazil,Algeria,1,0,1986-06-06,Group Stage,Guadalajara,1986
378,Spain,Northern Ireland,2,1,1986-06-07,Group Stage,Guadalajara,1986
379,Mexico,Paraguay,1,1,1986-06-07,Group Stage,Mexico City,1986
380,Belgium,Iraq,2,1,1986-06-08,Group Stage,Toluca,1986
381,France,Soviet Union,1,1,1986-06-05,Group Stage,Leon,1986
382,Hungary,Canada,2,0,1986-06-06,Group Stage,Irapuato,1986
383,Poland,Portugal,1,0,1986-06-07,Group Stage,Monterrey,1986
384,Morocco,England,0,0,1986-06-06,Group Stage,Monterrey,1986
385,Uruguay,Scotland,0,0,1986-06-08,Group Stage,Nezahualcoyotl,1986
386,Denmark,West Germany,2,0,1986-06-08,Group Stage,Queretaro,1986
387,Italy,Korea Republic,3,2,1986-06-10,Group Stage,Puebla,1986
388,Argentina,Bulgaria,2,0,1986-06-10,Group Stage,Mexico City,1986
389,Brazil,Northern Ireland,3,0,1986-06-12,Group Stage,Guadalajara,1986
390,Spain,Algeria,3,0,1986-06-12,Group Stage,Guadalajara,1986
391,Belgium,Paraguay,2,2,1986-06-11,Group Stage,Toluca,1986
392,Mexico,Iraq,1,0,1986-06-11,Group Stage,Mexico City,1986
393,Soviet Union,Canada,2,0,1986-06-09,Group Stage,Irapuato,1986
394,France,Hungary,3,0,1986-06-09,Group Stage,Leon,1986
395,England,Poland,3,0,1986-06-11,Group Stage,Monterrey,1986
396,Morocco,Portugal,3,1,1986-06-11,Group Stage,Guadalajara,1986
397,Denmark,Uruguay,6,1,1986-06-13,Group Stage,Nezahualcoyotl,1986
398,Scotland,West Germany,1,2,1986-06-13,Group Stage,Queretaro,1986
399,Mexico,Bulgaria,2,0,1986-06-15,Round of 16,Mexico City,1986
400,Belgium,Soviet Union,4,3,1986-06-15,Round of 16,Leon,1986
401,Brazil,Poland,4,0,1986-06-16,Round of 16,Guadalajara,1986
402,Argentina,Uruguay,1,0,1986-06-16,Round of 16,Puebla,1986
403,France,Italy,2,0,1986-06-17,Round of 16,Mexico City,1986
404,Morocco,West Germany,0,1,1986-06-17,Round of 16,Monterrey,1986
405,England,Paraguay,3,0,1986-06-18,Round of 16,Mexico City,1986
406,Denmark,Spain,1,5,1986-06-18,Round of 16,Queretaro,1986
407,Brazil,France,1,1,1986-06-21,Quarter-finals,Guadalajara,1986
408,Mexico,West Germany,0,0,1986-06-21,Quarter-finals,Monterrey,1986
409,Argentina,England,2,1,1986-06-22,Quarter-finals,Mexico City,1986
410,Belgium,Spain,1,1,1986-06-22,Quarter-finals,Puebla,1986
411,Argentina,Belgium,2,0,1986-06-25,Semi-finals,Mexico City,1986
412,West Germany,France,2,0,1986-06-25,Semi-finals,Guadalajara,1986
413,France,Belgium,4,2,1986-06-28,Third Place,Puebla,1986
414,Argentina,West Germany,3,2,1986-06-29,Final,Mexico City,1986
415,Argentina,Cameroon,0,1,1990-06-08,Group Stage,Milan,1990
416,Italy,Austria,1,0,1990-06-09,Group Stage,Rome,1990
417,Romania,Soviet Union,2,0,1990-06-09,Group Stage,Bari,1990
418,United Arab Emirates,Colombia,0,2,1990-06-09,Group Stage,Bologna,1990
419,Belgium,Korea Republic,2,0,1990-06-12,Group Stage,Verona,1990
420,Uruguay,Spain,0,0,1990-06-13,Group Stage,Udine,1990
421,Brazil,Sweden,2,1,1990-06-10,Group Stage,Turin,1990
422,Costa Rica,Scotland,1,0,1990-06-11,Group Stage,Genoa,1990
423,West Germany,Yugoslavia,4,1,1990-06-10,Group Stage,Milan,1990
424,Colombia,United Arab Emirates,2,0,1990-06-11,Group Stage,Bologna,1990
425,England,Republic of Ireland,1,1,1990-06-11,Group Stage,Cagliari,1990
426,Netherlands,Egypt,1,1,1990-06-12,Group Stage,Palermo,1990
427,Argentina,Soviet Union,2,0,1990-06-13,Group Stage,Naples,1990
428,Cameroon,Romania,2,1,1990-06-14,Group Stage,Bari,1990
429,Italy,United States,1,0,1990-06-14,Group Stage,Rome,1990
430,Czechoslovakia,Austria,1,0,1990-06-15,Group Stage,Florence,1990
431,Belgium,Uruguay,3,1,1990-06-17,Group Stage,Verona,1990
432,Spain,Korea Republic,3,1,1990-06-17,Group Stage,Udine,1990
433,Brazil,Costa Rica,1,0,1990-06-16,Group Stage,Turin,1990
434,Sweden,Scotland,1,0,1990-06-16,Group Stage,Genoa,1990
435,West Germany,United Arab Emirates,5,1,1990-06-15,Group Stage,Milan,1990
436,Yugoslavia,Colombia,1,0,1990-06-14,Group Stage,Bologna,1990
437,England,Netherlands,0,0,1990-06-16,Group Stage,Cagliari,1990
438,Republic of Ireland,Egypt,0,0,1990-06-17,Group Stage,Palermo,1990
439,Argentina,Cameroon,1,1,1990-06-18,Group Stage,Naples,1990
440,Romania,Soviet Union,0,0,1990-06-18,Group Stage,Bari,1990
441,Italy,Czechoslovakia,1,0,1990-06-19,Group Stage,Rome,1990
442,Austria,United States,2,1,1990-06-19,Group Stage,Florence,1990
443,Uruguay,Korea Republic,1,0,1990-06-21,Group Stage,Udine,1990
444,Spain,Belgium,2,1,1990-06-21,Group Stage,Verona,1990
445,Costa Rica,Sweden,2,1,1990-06-20,Group Stage,Genoa,1990
446,Scotland,Brazil,0,1,1990-06-20,Group Stage,Turin,1990
447,Yugoslavia,West Germany,1,4,1990-06-19,Group Stage,Milan,1990
448,United Arab Emirates,Colombia,1,1,1990-06-19,Group Stage,Bologna,1990
449,England,Egypt,1,0,1990-06-21,Group Stage,Cagliari,1990
450,Netherlands,Republic of Ireland,1,1,1990-06-21,Group Stage,Palermo,1990
451,Cameroon,Colombia,2,1,1990-06-23,Round of 16,Naples,1990
452,Czechoslovakia,Costa Rica,4,1,1990-06-23,Round of 16,Bari,1990
453,Argentina,Brazil,1,0,1990-06-24,Round of 16,Turin,1990
454,West Germany,Netherlands,2,1,1990-06-24,Round of 16,Milan,1990
455,Italy,Uruguay,2,0,1990-06-25,Round of 16,Rome,1990
456,Republic of Ireland,Romania,0,0,1990-06-25,Round of 16,Genoa,1990
457,Yugoslavia,Spain,2,1,1990-06-26,Round of 16,Verona,1990
458,England,Belgium,1,0,1990-06-26,Round of 16,Bologna,1990
459,Argentina,Yugoslavia,0,0,1990-06-30,Quarter-finals,Florence,1990
460,Italy,Republic of Ireland,1,0,1990-06-30,Quarter-finals,Rome,1990
461,West Germany,Czechoslovakia,1,0,1990-07-01,Quarter-finals,Milan,1990
462,England,Cameroon,3,2,1990-07-01,Quarter-finals,Naples,1990
463,Argentina,Italy,1,1,1990-07-03,Semi-finals,Naples,1990
464,West Germany,England,1,1,1990-07-04,Semi-finals,Turin,1990
465,Italy,England,2,1,1990-07-07,Third Place,Bari,1990
466,West Germany,Argentina,1,0,1990-07-08,Final,Rome,1990
467,Germany,Bolivia,1,0,1994-06-17,Group Stage,Chicago,1994
468,Spain,Korea Republic,2,2,1994-06-17,Group Stage,Dallas,1994
469,Romania,Colombia,3,1,1994-06-18,Group Stage,Los Angeles,1994
470,Argentina,Greece,4,0,1994-06-21,Group Stage,Boston,1994
471,United States,Switzerland,1,1,1994-06-18,Group Stage,Detroit,1994
472,Italy,Republic of Ireland,0,1,1994-06-18,Group Stage,New York,1994
473,Brazil,Russia,2,0,1994-06-20,Group Stage,San Francisco,1994
474,Cameroon,Sweden,2,2,1994-06-19,Group Stage,Los Angeles,1994
475,Mexico,Norway,1,0,1994-06-19,Group Stage,Washington,1994
476,Belgium,Morocco,1,0,1994-06-19,Group Stage,Orlando,1994
477,Netherlands,Saudi Arabia,2,1,1994-06-20,Group Stage,Washington,1994
478,Nigeria,Bulgaria,3,0,1994-06-21,Group Stage,Dallas,1994
479,Germany,Spain,1,1,1994-06-21,Group Stage,Chicago,1994
480,Korea Republic,Bolivia,0,0,1994-06-23,Group Stage,Boston,1994
481,Argentina,Nigeria,2,1,1994-06-25,Group Stage,Boston,1994
482,Bulgaria,Greece,4,0,1994-06-26,Group Stage,Chicago,1994
483,Switzerland,Romania,4,1,1994-06-22,Group Stage,Detroit,1994
484,Colombia,United States,1,2,1994-06-22,Group Stage,Los Angeles,1994
485,Italy,Norway,1,0,1994-06-23,Group Stage,New York,1994
486,Republic of Ireland,Mexico,1,2,1994-06-24,Group Stage,Orlando,1994
487,Brazil,Cameroon,3,0,1994-06-24,Group Stage,San Francisco,1994
488,Russia,Sweden,1,3,1994-06-24,Group Stage,Detroit,1994
489,Belgium,Netherlands,1,0,1994-06-25,Group Stage,Orlando,1994
490,Saudi Arabia,Morocco,2,1,1994-06-25,Group Stage,New York,1994
491,Germany,Korea Republic,3,2,1994-06-27,Group Stage,Dallas,1994
492,Spain,Bolivia,3,1,1994-06-27,Group Stage,Chicago,1994
493,Argentina,Bulgaria,0,2,1994-06-30,Group Stage,Dallas,1994
494,Nigeria,Greece,2,0,1994-06-30,Group Stage,Boston,1994
495,Colombia,Switzerland,2,0,1994-06-26,Group Stage,San Francisco,1994
496,Romania,United States,1,0,1994-06-26,Group Stage,Los Angeles,1994
497,Italy,Mexico,1,1,1994-06-28,Group Stage,Washington,1994
498,Republic of Ireland,Norway,0,0,1994-06-28,Group Stage,New York,1994
499,Russia,Cameroon,6,1,1994-06-28,Group Stage,San Francisco,1994
500,Brazil,Sweden,1,1,1994-06-28,Group Stage,Detroit,1994
501,Belgium,Saudi Arabia,1,0,1994-06-29,Group Stage,Washington,1994
502,Morocco,Netherlands,1,2,1994-06-29,Group Stage,Orlando,1994
503,Germany,Belgium,3,2,1994-07-02,Round of 16,Chicago,1994
504,Spain,Switzerland,3,0,1994-07-02,Round of 16,Washington,1994
505,Saudi Arabia,Sweden,1,3,1994-07-03,Round of 16,Dallas,1994
506,Romania,Argentina,3,2,1994-07-03,Round of 16,Los Angeles,1994
507,Netherlands,Republic of Ireland,2,0,1994-07-04,Round of 16,Orlando,1994
508,Brazil,United States,1,0,1994-07-04,Round of 16,San Francisco,1994
509,Nigeria,Italy,1,2,1994-07-05,Round of 16,Boston,1994
510,Mexico,Bulgaria,1,1,1994-07-05,Round of 16,New York,1994
511,Italy,Spain,2,1,1994-07-09,Quarter-finals,Boston,1994
512,Netherlands,Brazil,2,3,1994-07-09,Quarter-finals,Dallas,1994
513,Bulgaria,Germany,2,1,1994-07-10,Quarter-finals,New York,1994
514,Sweden,Romania,2,2,1994-07-10,Quarter-finals,San Francisco,1994
515,Italy,Bulgaria,2,1,1994-07-13,Semi-finals,New York,1994
516,Brazil,Sweden,1,0,1994-07-13,Semi-finals,Los Angeles,1994
517,Sweden,Bulgaria,4,0,1994-07-16,Third Place,Los Angeles,1994
518,Brazil,Italy,0,0,1994-07-17,Final,Los Angeles,1994
519,Brazil,Scotland,2,1,1998-06-10,Group Stage,Saint-Denis,1998
520,Morocco,Norway,2,2,1998-06-10,Group Stage,Montpellier,1998
521,Italy,Chile,2,2,1998-06-11,Group Stage,Bordeaux,1998
522,Cameroon,Austria,1,1,1998-06-11,Group Stage,Toulouse,1998
523,France,South Africa,3,0,1998-06-12,Group Stage,Marseille,1998
524,Saudi Arabia,Denmark,0,1,1998-06-12,Group Stage,Lens,1998
525,Spain,Nigeria,2,3,1998-06-13,Group Stage,Nantes,1998
526,Paraguay,Bulgaria,0,0,1998-06-13,Group Stage,Montpellier,1998
527,Netherlands,Belgium,0,0,1998-06-13,Group Stage,Saint-Denis,1998
528,Korea Republic,Mexico,1,3,1998-06-13,Group Stage,Lyon,1998
529,Germany,United States,2,0,1998-06-15,Group Stage,Paris,1998
530,Yugoslavia,Iran,1,0,1998-06-14,Group Stage,Saint-Etienne,1998
531,Japan,Argentina,0,1,1998-06-14,Group Stage,Toulouse,1998
532,Jamaica,Croatia,1,3,1998-06-14,Group Stage,Lens,1998
533,Romania,Colombia,1,0,1998-06-15,Group Stage,Lyon,1998
534,England,Tunisia,2,0,1998-06-15,Group Stage,Marseille,1998
535,Scotland,Norway,1,1,1998-06-16,Group Stage,Bordeaux,1998
536,Brazil,Morocco,3,0,1998-06-16,Group Stage,Nantes,1998
537,Chile,Austria,1,1,1998-06-17,Group Stage,Saint-Etienne,1998
538,Italy,Cameroon,3,0,1998-06-17,Group Stage,Montpellier,1998
539,South Africa,Denmark,1,1,1998-06-18,Group Stage,Toulouse,1998
540,France,Saudi Arabia,4,0,1998-06-18,Group Stage,Saint-Denis,1998
541,Nigeria,Paraguay,1,3,1998-06-19,Group Stage,Toulouse,1998
542,Spain,Bulgaria,6,1,1998-06-19,Group Stage,Lens,1998
543,Netherlands,Korea Republic,5,0,1998-06-20,Group Stage,Marseille,1998
544,Belgium,Mexico,2,2,1998-06-20,Group Stage,Bordeaux,1998
545,United States,Iran,1,2,1998-06-21,Group Stage,Lyon,1998
546,Germany,Yugoslavia,2,2,1998-06-21,Group Stage,Lens,1998
547,Argentina,Jamaica,5,0,1998-06-21,Group Stage,Paris,1998
548,Japan,Croatia,0,1,1998-06-20,Group Stage,Nantes,1998
549,Romania,England,2,1,1998-06-22,Group Stage,Toulouse,1998
550,Colombia,Tunisia,1,0,1998-06-22,Group Stage,Montpellier,1998
551,Scotland,Morocco,0,3,1998-06-23,Group Stage,Saint-Etienne,1998
552,Norway,Brazil,2,1,1998-06-23,Group Stage,Marseille,1998
553,Italy,Austria,2,1,1998-06-23,Group Stage,Saint-Denis,1998
554,Chile,Cameroon,1,1,1998-06-23,Group Stage,Nantes,1998
555,France,Denmark,2,1,1998-06-24,Group Stage,Lyon,1998
556,South Africa,Saudi Arabia,2,2,1998-06-24,Group Stage,Bordeaux,1998
557,Paraguay,Nigeria,3,1,1998-06-24,Group Stage,Toulouse,1998
558,Spain,Bulgaria,6,1,1998-06-24,Group Stage,Lens,1998
559,Netherlands,Mexico,2,2,1998-06-25,Group Stage,Saint-Etienne,1998
560,Belgium,Korea Republic,1,1,1998-06-25,Group Stage,Paris,1998
561,Germany,Iran,2,0,1998-06-25,Group Stage,Montpellier,1998
562,United States,Yugoslavia,0,1,1998-06-25,Group Stage,Nantes,1998
563,Japan,Jamaica,1,2,1998-06-26,Group Stage,Lyon,1998
564,Argentina,Croatia,1,0,1998-06-26,Group Stage,Bordeaux,1998
565,England,Colombia,2,0,1998-06-26,Group Stage,Lens,1998
566,Romania,Tunisia,1,1,1998-06-26,Group Stage,Saint-Denis,1998
567,Italy,Norway,1,0,1998-06-27,Round of 16,Marseille,1998
568,Brazil,Chile,4,1,1998-06-27,Round of 16,Paris,1998
569,Nigeria,Denmark,1,4,1998-06-28,Round of 16,Saint-Denis,1998
570,France,Paraguay,1,0,1998-06-28,Round of 16,Lens,1998
571,Germany,Mexico,2,1,1998-06-29,Round of 16,Montpellier,1998
572,Netherlands,Yugoslavia,2,1,1998-06-29,Round of 16,Toulouse,1998
573,Romania,Croatia,0,1,1998-06-30,Round of 16,Bordeaux,1998
574,Argentina,England,2,2,1998-06-30,Round of 16,Saint-Etienne,1998
575,France,Italy,0,0,1998-07-03,Quarter-finals,Saint-Denis,1998
576,Brazil,Denmark,3,2,1998-07-03,Quarter-finals,Nantes,1998
577,Netherlands,Argentina,2,1,1998-07-04,Quarter-finals,Marseille,1998
578,Germany,Croatia,0,3,1998-07-04,Quarter-finals,Lyon,1998
579,Brazil,Netherlands,1,1,1998-07-07,Semi-finals,Marseille,1998
580,France,Croatia,2,1,1998-07-08,Semi-finals,Saint-Denis,1998
581,Netherlands,Croatia,1,2,1998-07-11,Third Place,Paris,1998
582,France,Brazil,3,0,1998-07-12,Final,Saint-Denis,1998
583,France,Senegal,0,1,2002-05-31,Group Stage,Seoul,2002
584,Republic of Ireland,Cameroon,1,1,2002-06-01,Group Stage,Niigata,2002
585,Uruguay,Denmark,1,2,2002-06-01,Group Stage,Ulsan,2002
586,Argentina,Nigeria,1,0,2002-06-02,Group Stage,Ibaraki,2002
587,England,Sweden,1,1,2002-06-02,Group Stage,Saitama,2002
588,Paraguay,South Africa,2,2,2002-06-02,Group Stage,Busan,2002
589,Spain,Slovenia,3,1,2002-06-03,Group Stage,Gwangju,2002
590,Korea Republic,Poland,2,0,2002-06-04,Group Stage,Busan,2002
591,Brazil,Turkey,2,1,2002-06-03,Group Stage,Ulsan,2002
592,United States,Portugal,3,2,2002-06-05,Group Stage,Suwon,2002
593,Italy,Ecuador,2,0,2002-06-03,Group Stage,Sapporo,2002
594,Japan,Belgium,2,2,2002-06-04,Group Stage,Saitama,2002
595,Germany,Saudi Arabia,8,0,2002-06-01,Group Stage,Sapporo,2002
596,Mexico,Croatia,1,0,2002-06-03,Group Stage,Niigata,2002
597,Costa Rica,China PR,2,0,2002-06-04,Group Stage,Gwangju,2002
598,Russia,Tunisia,2,0,2002-06-05,Group Stage,Kobe,2002
599,France,Uruguay,0,0,2002-06-06,Group Stage,Busan,2002
600,Senegal,Denmark,1,1,2002-06-06,Group Stage,Daegu,2002
601,Argentina,England,0,1,2002-06-07,Group Stage,Sapporo,2002
602,Nigeria,Sweden,1,2,2002-06-07,Group Stage,Kobe,2002
603,Cameroon,Germany,0,2,2002-06-11,Group Stage,Shizuoka,2002
604,Republic of Ireland,Saudi Arabia,3,0,2002-06-11,Group Stage,Yokohama,2002
605,South Africa,Slovenia,1,0,2002-06-08,Group Stage,Daegu,2002
606,Spain,Paraguay,3,1,2002-06-07,Group Stage,Jeonju,2002
607,Poland,United States,0,3,2002-06-14,Group Stage,Daejeon,2002
608,Korea Republic,Portugal,1,0,2002-06-14,Group Stage,Incheon,2002
609,Brazil,China PR,4,0,2002-06-08,Group Stage,Seogwipo,2002
610,Costa Rica,Turkey,1,1,2002-06-09,Group Stage,Incheon,2002
611,Italy,Croatia,1,2,2002-06-08,Group Stage,Ibaraki,2002
612,Ecuador,Mexico,2,1,2002-06-09,Group Stage,Miyagi,2002
613,Japan,Russia,1,0,2002-06-09,Group Stage,Yokohama,2002
614,Belgium,Tunisia,1,1,2002-06-10,Group Stage,Oita,2002
615,France,Denmark,0,2,2002-06-11,Group Stage,Incheon,2002
616,Senegal,Uruguay,3,3,2002-06-11,Group Stage,Suwon,2002
617,Sweden,Argentina,1,1,2002-06-12,Group Stage,Miyagi,2002
618,Nigeria,England,0,0,2002-06-12,Group Stage,Osaka,2002
619,Cameroon,Saudi Arabia,1,0,2002-06-06,Group Stage,Saitama,2002
620,Republic of Ireland,Germany,1,1,2002-06-05,Group Stage,Ibaraki,2002
621,Slovenia,Paraguay,1,3,2002-06-12,Group Stage,Seogwipo,2002
622,South Africa,Spain,2,3,2002-06-12,Group Stage,Daejeon,2002
623,Korea Republic,United States,1,1,2002-06-10,Group Stage,Daegu,2002
624,Poland,Portugal,0,4,2002-06-10,Group Stage,Jeonju,2002
625,China PR,Turkey,0,3,2002-06-13,Group Stage,Seoul,2002
626,Brazil,Costa Rica,5,2,2002-06-13,Group Stage,Suwon,2002
627,Mexico,Italy,1,1,2002-06-13,Group Stage,Oita,2002
628,Croatia,Ecuador,0,1,2002-06-13,Group Stage,Yokohama,2002
629,Japan,Tunisia,2,0,2002-06-14,Group Stage,Osaka,2002
630,Belgium,Russia,3,2,2002-06-14,Group Stage,Shizuoka,2002
631,Germany,Paraguay,1,0,2002-06-15,Round of 16,Seogwipo,2002
632,Denmark,England,0,3,2002-06-15,Round of 16,Niigata,2002
633,Sweden,Senegal,1,2,2002-06-16,Round of 16,Oita,2002
634,Spain,Republic of Ireland,1,1,2002-06-16,Round of 16,Suwon,2002
635,Mexico,United States,0,2,2002-06-17,Round of 16,Jeonju,2002
636,Brazil,Belgium,2,0,2002-06-17,Round of 16,Kobe,2002
637,Japan,Turkey,0,1,2002-06-18,Round of 16,Miyagi,2002
638,Korea Republic,Italy,2,1,2002-06-18,Round of 16,Daejeon,2002
639,England,Brazil,1,2,2002-06-21,Quarter-finals,Shizuoka,2002
640,Germany,United States,1,0,2002-06-21,Quarter-finals,Ulsan,2002
641,Spain,Korea Republic,0,0,2002-06-22,Quarter-finals,Gwangju,2002
642,Senegal,Turkey,0,1,2002-06-22,Quarter-finals,Osaka,2002
643,Germany,Korea Republic,1,0,2002-06-25,Semi-finals,Seoul,2002
644,Brazil,Turkey,1,0,2002-06-26,Semi-finals,Saitama,2002
645,Korea Republic,Turkey,2,3,2002-06-29,Third Place,Daegu,2002
646,Germany,Brazil,0,2,2002-06-30,Final,Yokohama,2002
647,Germany,Costa Rica,4,2,2006-06-09,Group Stage,Munich,2006
648,Poland,Ecuador,0,2,2006-06-09,Group Stage,Gelsenkirchen,2006
649,England,Paraguay,1,0,2006-06-10,Group Stage,Frankfurt,2006
650,Trinidad and Tobago,Sweden,0,0,2006-06-10,Group Stage,Dortmund,2006
651,Argentina,Cote d'Ivoire,2,1,2006-06-10,Group Stage,Hamburg,2006
652,Serbia and Montenegro,Netherlands,0,1,2006-06-11,Group Stage,Leipzig,2006
653,Mexico,Iran,3,1,2006-06-11,Group Stage,Nuremberg,2006
654,Angola,Portugal,0,1,2006-06-11,Group Stage,Cologne,2006
655,Australia,Japan,3,1,2006-06-12,Group Stage,Kaiserslautern,2006
656,United States,Czech Republic,0,3,2006-06-12,Group Stage,Gelsenkirchen,2006
657,Italy,Ghana,2,0,2006-06-12,Group Stage,Hanover,2006
658,Korea Republic,Togo,2,1,2006-06-13,Group Stage,Frankfurt,2006
659,France,Switzerland,0,0,2006-06-13,Group Stage,Stuttgart,2006
660,Brazil,Croatia,1,0,2006-06-13,Group Stage,Berlin,2006
661,Spain,Ukraine,4,0,2006-06-14,Group Stage,Leipzig,2006
662,Tunisia,Saudi Arabia,2,2,2006-06-14,Group Stage,Munich,2006
663,Germany,Poland,1,0,2006-06-14,Group Stage,Dortmund,2006
664,Ecuador,Costa Rica,3,0,2006-06-15,Group Stage,Hamburg,2006
665,England,Trinidad and Tobago,2,0,2006-06-15,Group Stage,Nuremberg,2006
666,Sweden,Paraguay,1,0,2006-06-15,Group Stage,Berlin,2006
667,Argentina,Serbia and Montenegro,6,0,2006-06-16,Group Stage,Gelsenkirchen,2006
668,Netherlands,Cote d'Ivoire,2,1,2006-06-16,Group Stage,Stuttgart,2006
669,Mexico,Angola,0,0,2006-06-16,Group Stage,Hanover,2006
670,Portugal,Iran,2,0,2006-06-17,Group Stage,Frankfurt,2006
671,Czech Republic,Ghana,0,2,2006-06-17,Group Stage,Cologne,2006
672,Italy,United States,1,1,2006-06-17,Group Stage,Kaiserslautern,2006
673,Japan,Croatia,0,0,2006-06-18,Group Stage,Nuremberg,2006
674,Brazil,Australia,2,0,2006-06-18,Group Stage,Munich,2006
675,France,Korea Republic,1,1,2006-06-18,Group Stage,Leipzig,2006
676,Togo,Switzerland,0,2,2006-06-19,Group Stage,Dortmund,2006
677,Saudi Arabia,Ukraine,0,4,2006-06-19,Group Stage,Hamburg,2006
678,Spain,Tunisia,3,1,2006-06-19,Group Stage,Stuttgart,2006
679,Ecuador,Germany,0,3,2006-06-20,Group Stage,Berlin,2006
680,Costa Rica,Poland,1,2,2006-06-20,Group Stage,Hanover,2006
681,Sweden,England,2,2,2006-06-20,Group Stage,Cologne,2006
682,Paraguay,Trinidad and Tobago,2,0,2006-06-20,Group Stage,Kaiserslautern,2006
683,Cote d'Ivoire,Serbia and Montenegro,3,2,2006-06-21,Group Stage,Munich,2006
684,Netherlands,Argentina,0,0,2006-06-21,Group Stage,Frankfurt,2006
685,Portugal,Mexico,2,1,2006-06-21,Group Stage,Gelsenkirchen,2006
686,Iran,Angola,1,1,2006-06-21,Group Stage,Leipzig,2006
687,Czech Republic,Italy,0,2,2006-06-22,Group Stage,Hamburg,2006
688,Ghana,United States,2,1,2006-06-22,Group Stage,Nuremberg,2006
689,Japan,Brazil,1,4,2006-06-22,Group Stage,Dortmund,2006
690,Croatia,Australia,2,2,2006-06-22,Group Stage,Stuttgart,2006
691,Togo,France,0,2,2006-06-23,Group Stage,Cologne,2006
692,Switzerland,Korea Republic,2,0,2006-06-23,Group Stage,Hanover,2006
693,Ukraine,Tunisia,1,0,2006-06-23,Group Stage,Berlin,2006
694,Saudi Arabia,Spain,0,1,2006-06-23,Group Stage,Kaiserslautern,2006
695,Germany,Sweden,2,0,2006-06-24,Round of 16,Munich,2006
696,Argentina,Mexico,2,1,2006-06-24,Round of 16,Leipzig,2006
697,England,Ecuador,1,0,2006-06-25,Round of 16,Stuttgart,2006
698,Portugal,Netherlands,1,0,2006-06-25,Round of 16,Nuremberg,2006
699,Italy,Australia,1,0,2006-06-26,Round of 16,Kaiserslautern,2006
700,Switzerland,Ukraine,0,0,2006-06-26,Round of 16,Cologne,2006
701,Brazil,Ghana,3,0,2006-06-27,Round of 16,Dortmund,2006
702,Spain,France,1,3,2006-06-27,Round of 16,Hanover,2006
703,Germany,Argentina,1,1,2006-06-30,Quarter-finals,Berlin,2006
704,Italy,Ukraine,3,0,2006-06-30,Quarter-finals,Hamburg,2006
705,England,Portugal,0,0,2006-07-01,Quarter-finals,Gelsenkirchen,2006
706,Brazil,France,0,1,2006-07-01,Quarter-finals,Frankfurt,2006
707,Germany,Italy,0,2,2006-07-04,Semi-finals,Dortmund,2006
708,Portugal,France,0,1,2006-07-05,Semi-finals,Munich,2006
709,Germany,Portugal,3,1,2006-07-08,Third Place,Stuttgart,2006
710,Italy,France,1,1,2006-07-09,Final,Berlin,2006
711,South Africa,Mexico,1,1,2010-06-11,Group Stage,Johannesburg,2010
712,Uruguay,France,0,0,2010-06-11,Group Stage,Cape Town,2010
713,Argentina,Nigeria,1,0,2010-06-12,Group Stage,Johannesburg,2010
714,Korea Republic,Greece,2,0,2010-06-12,Group Stage,Port Elizabeth,2010
715,England,United States,1,1,2010-06-12,Group Stage,Rustenburg,2010
716,Algeria,Slovenia,0,1,2010-06-13,Group Stage,Polokwane,2010
717,Germany,Australia,4,0,2010-06-13,Group Stage,Durban,2010
718,Serbia,Ghana,0,1,2010-06-13,Group Stage,Pretoria,2010
719,Netherlands,Denmark,2,0,2010-06-14,Group Stage,Johannesburg,2010
720,Japan,Cameroon,1,0,2010-06-14,Group Stage,Bloemfontein,2010
721,Italy,Paraguay,1,1,2010-06-14,Group Stage,Cape Town,2010
722,New Zealand,Slovakia,1,1,2010-06-15,Group Stage,Rustenburg,2010
723,Cote d'Ivoire,Portugal,0,0,2010-06-15,Group Stage,Port Elizabeth,2010
724,Brazil,Korea DPR,2,1,2010-06-15,Group Stage,Johannesburg,2010
725,Honduras,Chile,0,1,2010-06-16,Group Stage,Nelspruit,2010
726,Spain,Switzerland,0,1,2010-06-16,Group Stage,Durban,2010
727,South Africa,Uruguay,0,3,2010-06-16,Group Stage,Pretoria,2010
728,France,Mexico,0,2,2010-06-17,Group Stage,Polokwane,2010
729,Greece,Nigeria,2,1,2010-06-17,Group Stage,Bloemfontein,2010
730,Argentina,Korea Republic,4,1,2010-06-17,Group Stage,Johannesburg,2010
731,Germany,Serbia,0,1,2010-06-18,Group Stage,Port Elizabeth,2010
732,Slovenia,United States,2,2,2010-06-18,Group Stage,Johannesburg,2010
733,England,Algeria,0,0,2010-06-18,Group Stage,Cape Town,2010
734,Ghana,Australia,1,1,2010-06-19,Group Stage,Rustenburg,2010
735,Netherlands,Japan,1,0,2010-06-19,Group Stage,Durban,2010
736,Cameroon,Denmark,1,2,2010-06-19,Group Stage,Pretoria,2010
737,Slovakia,Paraguay,0,2,2010-06-20,Group Stage,Bloemfontein,2010
738,Italy,New Zealand,1,1,2010-06-20,Group Stage,Nelspruit,2010
739,Brazil,Cote d'Ivoire,3,1,2010-06-20,Group Stage,Johannesburg,2010
740,Portugal,Korea DPR,7,0,2010-06-21,Group Stage,Cape Town,2010
741,Chile,Switzerland,1,0,2010-06-21,Group Stage,Port Elizabeth,2010
742,Spain,Honduras,2,0,2010-06-21,Group Stage,Johannesburg,2010
743,Mexico,Uruguay,0,1,2010-06-22,Group Stage,Rustenburg,2010
744,France,South Africa,1,2,2010-06-22,Group Stage,Bloemfontein,2010
745,Nigeria,Korea Republic,2,2,2010-06-22,Group Stage,Durban,2010
746,Greece,Argentina,0,2,2010-06-22,Group Stage,Polokwane,2010
747,Slovenia,England,0,1,2010-06-23,Group Stage,Port Elizabeth,2010
748,United States,Algeria,1,0,2010-06-23,Group Stage,Pretoria,2010
749,Ghana,Germany,0,1,2010-06-23,Group Stage,Johannesburg,2010
750,Australia,Serbia,2,1,2010-06-23,Group Stage,Nelspruit,2010
751,Denmark,Japan,1,3,2010-06-24,Group Stage,Rustenburg,2010
752,Cameroon,Netherlands,1,2,2010-06-24,Group Stage,Cape Town,2010
753,Slovakia,Italy,3,2,2010-06-24,Group Stage,Johannesburg,2010
754,Paraguay,New Zealand,0,0,2010-06-24,Group Stage,Polokwane,2010
755,Portugal,Brazil,0,0,2010-06-25,Group Stage,Durban,2010
756,Korea DPR,Cote d'Ivoire,0,3,2010-06-25,Group Stage,Nelspruit,2010
757,Chile,Spain,1,2,2010-06-25,Group Stage,Pretoria,2010
758,Switzerland,Honduras,0,0,2010-06-25,Group Stage,Bloemfontein,2010
759,Uruguay,Korea Republic,2,1,2010-06-26,Round of 16,Port Elizabeth,2010
760,United States,Ghana,1,2,2010-06-26,Round of 16,Rustenburg,2010
761,Germany,England,4,1,2010-06-27,Round of 16,Bloemfontein,2010
762,Argentina,Mexico,3,1,2010-06-27,Round of 16,Johannesburg,2010
763,Netherlands,Slovakia,2,1,2010-06-28,Round of 16,Durban,2010
764,Brazil,Chile,3,0,2010-06-28,Round of 16,Johannesburg,2010
765,Paraguay,Japan,0,0,2010-06-29,Round of 16,Pretoria,2010
766,Spain,Portugal,1,0,2010-06-29,Round of 16,Cape Town,2010
767,Netherlands,Brazil,2,1,2010-07-02,Quarter-finals,Port Elizabeth,2010
768,Uruguay,Ghana,1,1,2010-07-02,Quarter-finals,Johannesburg,2010
769,Argentina,Germany,0,4,2010-07-03,Quarter-finals,Cape Town,2010
770,Paraguay,Spain,0,1,2010-07-03,Quarter-finals,Johannesburg,2010
771,Uruguay,Netherlands,2,3,2010-07-06,Semi-finals,Cape Town,2010
772,Germany,Spain,0,1,2010-07-07,Semi-finals,Durban,2010
773,Uruguay,Germany,2,3,2010-07-10,Third Place,Port Elizabeth,2010
774,Netherlands,Spain,0,1,2010-07-11,Final,Johannesburg,2010
775,Brazil,Croatia,3,1,2014-06-12,Group Stage,Sao Paulo,2014
776,Mexico,Cameroon,1,0,2014-06-13,Group Stage,Natal,2014
777,Netherlands,Spain,5,1,2014-06-13,Group Stage,Salvador,2014
778,Chile,Australia,3,1,2014-06-13,Group Stage,Cuiaba,2014
779,Colombia,Greece,3,0,2014-06-14,Group Stage,Belo Horizonte,2014
780,Cote d'Ivoire,Japan,2,1,2014-06-14,Group Stage,Recife,2014
781,Uruguay,Costa Rica,1,3,2014-06-14,Group Stage,Fortaleza,2014
782,England,Italy,1,2,2014-06-14,Group Stage,Manaus,2014
783,Switzerland,Ecuador,2,1,2014-06-15,Group Stage,Brasilia,2014
784,France,Honduras,3,0,2014-06-15,Group Stage,Porto Alegre,2014
785,Argentina,Bosnia and Herzegovina,2,1,2014-06-15,Group Stage,Rio de Janeiro,2014
786,Germany,Portugal,4,0,2014-06-16,Group Stage,Salvador,2014
787,Iran,Nigeria,0,0,2014-06-16,Group Stage,Curitiba,2014
788,Ghana,United States,1,2,2014-06-16,Group Stage,Natal,2014
789,Belgium,Algeria,2,1,2014-06-17,Group Stage,Belo Horizonte,2014
790,Brazil,Mexico,0,0,2014-06-17,Group Stage,Fortaleza,2014
791,Russia,Korea Republic,1,1,2014-06-17,Group Stage,Cuiaba,2014
792,Australia,Netherlands,2,3,2014-06-18,Group Stage,Porto Alegre,2014
793,Spain,Chile,0,2,2014-06-18,Group Stage,Rio de Janeiro,2014
794,Cameroon,Croatia,0,4,2014-06-18,Group Stage,Manaus,2014
795,Colombia,Cote d'Ivoire,2,1,2014-06-19,Group Stage,Brasilia,2014
796,Uruguay,England,2,1,2014-06-19,Group Stage,Sao Paulo,2014
797,Japan,Greece,0,0,2014-06-19,Group Stage,Natal,2014
798,Italy,Costa Rica,0,1,2014-06-20,Group Stage,Recife,2014
799,Switzerland,France,2,5,2014-06-20,Group Stage,Salvador,2014
800,Honduras,Ecuador,1,2,2014-06-20,Group Stage,Curitiba,2014
801,Argentina,Iran,1,0,2014-06-21,Group Stage,Belo Horizonte,2014
802,Germany,Ghana,2,2,2014-06-21,Group Stage,Fortaleza,2014
803,Nigeria,Bosnia and Herzegovina,1,0,2014-06-21,Group Stage,Cuiaba,2014
804,Belgium,Russia,1,0,2014-06-22,Group Stage,Rio de Janeiro,2014
805,Korea Republic,Algeria,2,4,2014-06-22,Group Stage,Porto Alegre,2014
806,United States,Portugal,2,2,2014-06-22,Group Stage,Manaus,2014
807,Australia,Spain,0,3,2014-06-23,Group Stage,Curitiba,2014
808,Netherlands,Chile,2,0,2014-06-23,Group Stage,Sao Paulo,2014
809,Cameroon,Brazil,1,4,2014-06-23,Group Stage,Brasilia,2014
810,Croatia,Mexico,1,3,2014-06-23,Group Stage,Recife,2014
811,Italy,Uruguay,0,1,2014-06-24,Group Stage,Natal,2014
812,Costa Rica,England,0,0,2014-06-24,Group Stage,Belo Horizonte,2014
813,Japan,Colombia,1,4,2014-06-24,Group Stage,Cuiaba,2014
814,Greece,Cote d'Ivoire,2,1,2014-06-24,Group Stage,Fortaleza,2014
815,Nigeria,Argentina,2,3,2014-06-25,Group Stage,Porto Alegre,2014
816,Bosnia and Herzegovina,Iran,3,1,2014-06-25,Group Stage,Salvador,2014
817,Honduras,Switzerland,0,3,2014-06-25,Group Stage,Manaus,2014
818,Ecuador,France,0,0,2014-06-25,Group Stage,Rio de Janeiro,2014
819,United States,Germany,0,1,2014-06-26,Group Stage,Recife,2014
820,Portugal,Ghana,2,1,2014-06-26,Group Stage,Brasilia,2014
821,Korea Republic,Belgium,0,1,2014-06-26,Group Stage,Sao Paulo,2014
822,Algeria,Russia,1,1,2014-06-26,Group Stage,Curitiba,2014
823,Brazil,Chile,1,1,2014-06-28,Round of 16,Belo Horizonte,2014
824,Colombia,Uruguay,2,0,2014-06-28,Round of 16,Rio de Janeiro,2014
825,Netherlands,Mexico,2,1,2014-06-29,Round of 16,Fortaleza,2014
826,Costa Rica,Greece,1,1,2014-06-29,Round of 16,Recife,2014
827,France,Nigeria,2,0,2014-06-30,Round of 16,Brasilia,2014
828,Germany,Algeria,2,1,2014-06-30,Round of 16,Porto Alegre,2014
829,Argentina,Switzerland,1,0,2014-07-01,Round of 16,Sao Paulo,2014
830,Belgium,United States,2,1,2014-07-01,Round of 16,Salvador,2014
831,France,Germany,0,1,2014-07-04,Quarter-finals,Rio de Janeiro,2014
832,Brazil,Colombia,2,1,2014-07-04,Quarter-finals,Fortaleza,2014
833,Argentina,Belgium,1,0,2014-07-05,Quarter-finals,Brasilia,2014
834,Netherlands,Costa Rica,0,0,2014-07-05,Quarter-finals,Salvador,2014
835,Brazil,Germany,1,7,2014-07-08,Semi-finals,Belo Horizonte,2014
836,Netherlands,Argentina,0,0,2014-07-09,Semi-finals,Sao Paulo,2014
837,Brazil,Netherlands,0,3,2014-07-12,Third Place,Brasilia,2014
838,Germany,Argentina,1,0,2014-07-13,Final,Rio de Janeiro,2014
